<?xml version="1.0"?>
<doc>
    <assembly>
        <name>Plugin.ExternalMaps</name>
    </assembly>
    <members>
        <member name="T:Plugin.ExternalMaps.CrossExternalMaps">
            <summary>
            Cross platform ExternalMaps implemenations
            </summary>
        </member>
        <member name="P:Plugin.ExternalMaps.CrossExternalMaps.Current">
            <summary>
            Current settings to use
            </summary>
        </member>
        <member name="T:Plugin.ExternalMaps.ExternalMapsImplementation">
            <summary>
            Implementation for ExternalMaps
            </summary>
        </member>
        <member name="M:Plugin.ExternalMaps.ExternalMapsImplementation.NavigateTo(System.String,System.Double,System.Double,Plugin.ExternalMaps.Abstractions.NavigationType)">
            <summary>
            Navigate to specific latitude and longitude.
            </summary>
            <param name="name">Label to display</param>
            <param name="latitude">Lat</param>
            <param name="longitude">Long</param>
            <param name="navigationType">Type of navigation</param>
        </member>
        <member name="M:Plugin.ExternalMaps.ExternalMapsImplementation.NavigateTo(System.String,System.String,System.String,System.String,System.String,System.String,System.String,Plugin.ExternalMaps.Abstractions.NavigationType)">
            <summary>
            Navigate to an address
            </summary>
            <param name="name">Label to display</param>
            <param name="street">Street</param>
            <param name="city">City</param>
            <param name="state">Sate</param>
            <param name="zip">Zip</param>
            <param name="country">Country</param>
            <param name="countryCode">Country Code if applicable</param>
            <param name="navigationType">Navigation type</param>
        </member>
    </members>
</doc>
